Workbook

Sheet Instrucciones
A1: CARTERA POR EDADES Y DETERIORO
A3: 1. En 'Parametros' define la fecha de corte y los % de deterioro por rango.
A4: 2. En 'Facturas' registra cada factura pendiente (columnas en azul). El resto se calcula solo.
A5: 3. 'Resumen' muestra la cartera por edades, % de participación, deterioro y alertas.
A7: IMPORTANTE: los % de deterioro son EJEMPLOS. Ajústalos a la política contable de la empresa:
A8: - NIIF plenas (Grupo 1): modelo de pérdida crediticia esperada (NIIF 9), p. ej. matriz de provisiones con históricos.
A9: - NIIF para las Pymes (Grupo 2): deterioro con evidencia objetiva (Sección 11).
A10: Esta plantilla es una herramienta de apoyo; no reemplaza el juicio profesional del contador.

Sheet Resumen
A1: RESUMEN DE CARTERA
A2: Fecha de corte | B2: =Parametros!B1
A4: Rango | B4: Saldo | C4: % del total | D4: N.º facturas | E4: Deterioro
A5: No vencida | B5: =SUMIFS(Facturas!$H$2:$H$501,Facturas!$J$2:$J$501,A5) | C5: =IF($B$12=0,0,B5/$B$12) | D5: =COUNTIFS(Facturas!$J$2:$J$501,A5) | E5: =SUMIFS(Facturas!$L$2:$L$501,Facturas!$J$2:$J$501,A5)
A6: 1-30 | B6: =SUMIFS(Facturas!$H$2:$H$501,Facturas!$J$2:$J$501,A6) | C6: =IF($B$12=0,0,B6/$B$12) | D6: =COUNTIFS(Facturas!$J$2:$J$501,A6) | E6: =SUMIFS(Facturas!$L$2:$L$501,Facturas!$J$2:$J$501,A6)
A7: 31-60 | B7: =SUMIFS(Facturas!$H$2:$H$501,Facturas!$J$2:$J$501,A7) | C7: =IF($B$12=0,0,B7/$B$12) | D7: =COUNTIFS(Facturas!$J$2:$J$501,A7) | E7: =SUMIFS(Facturas!$L$2:$L$501,Facturas!$J$2:$J$501,A7)
A8: 61-90 | B8: =SUMIFS(Facturas!$H$2:$H$501,Facturas!$J$2:$J$501,A8) | C8: =IF($B$12=0,0,B8/$B$12) | D8: =COUNTIFS(Facturas!$J$2:$J$501,A8) | E8: =SUMIFS(Facturas!$L$2:$L$501,Facturas!$J$2:$J$501,A8)
A9: 91-180 | B9: =SUMIFS(Facturas!$H$2:$H$501,Facturas!$J$2:$J$501,A9) | C9: =IF($B$12=0,0,B9/$B$12) | D9: =COUNTIFS(Facturas!$J$2:$J$501,A9) | E9: =SUMIFS(Facturas!$L$2:$L$501,Facturas!$J$2:$J$501,A9)
A10: 181-360 | B10: =SUMIFS(Facturas!$H$2:$H$501,Facturas!$J$2:$J$501,A10) | C10: =IF($B$12=0,0,B10/$B$12) | D10: =COUNTIFS(Facturas!$J$2:$J$501,A10) | E10: =SUMIFS(Facturas!$L$2:$L$501,Facturas!$J$2:$J$501,A10)
A11: Más de 360 | B11: =SUMIFS(Facturas!$H$2:$H$501,Facturas!$J$2:$J$501,A11) | C11: =IF($B$12=0,0,B11/$B$12) | D11: =COUNTIFS(Facturas!$J$2:$J$501,A11) | E11: =SUMIFS(Facturas!$L$2:$L$501,Facturas!$J$2:$J$501,A11)
A12: TOTAL | B12: =SUM(B5:B11) | C12: =SUM(C5:C11) | D12: =SUM(D5:D11) | E12: =SUM(E5:E11)
A14: INDICADORES
A15: Cartera vencida (%) | B15: =IF(B12=0,0,1-B5/B12)
A16: Cartera > 180 días (%) | B16: =IF(B12=0,0,(B10+B11)/B12)
A17: Deterioro / cartera (%) | B17: =IF(B12=0,0,E12/B12)
A18: Cartera neta de deterioro | B18: =B12-E12
A20: Alerta | B20: =IF(B16>0.3,"ALTA: más del 30% de la cartera supera 180 días",IF(B15>0.5,"MEDIA: más de la mitad de la cartera está vencida","Normal"))

Sheet Parametros
A1: Fecha de corte | B1: 46295
A3: Rango | B3: % deterioro
A4: No vencida | B4: 0
A5: 1-30 | B5: 0.01
A6: 31-60 | B6: 0.05
A7: 61-90 | B7: 0.1
A8: 91-180 | B8: 0.25
A9: 181-360 | B9: 0.5
A10: Más de 360 | B10: 1

Sheet Facturas
A1: Cliente | B1: NIT | C1: N.º factura | D1: Fecha emisión | E1: Fecha vencimiento | F1: Valor | G1: Abonos | H1: Saldo | I1: Días mora | J1: Rango | K1: % deterioro | L1: Deterioro
A2: Comercializadora Andina SAS | B2: 900111222 | C2: FE-1002 | D2: 45815 | E2: 45875 | F2: 2400000 | H2: =IF(F2="","",F2-N(G2)) | I2: =IF(OR(F2="",E2=""),"",MAX(0,Parametros!$B$1-E2)) | J2: =IF(OR(H2="",I2=""),"",IF(H2<=0,"Pagada",IF(I2=0,"No vencida",IF(I2<=30,"1-30",IF(I2<=60,"31-60",IF(I2<=90,"61-90",IF(I2<=180,"91-180",IF(I2<=360,"181-360","Más de 360")))))))) | K2: =IF(OR(J2="",J2="Pagada"),"",VLOOKUP(J2,Parametros!$A$4:$B$10,2,FALSE)) | L2: =IF(K2="","",H2*K2)
A3: Distribuciones El Sol SAS | B3: 900333444 | C3: FE-1003 | D3: 46190 | E3: 46235 | F3: 1850000 | G3: 350000 | H3: =IF(F3="","",F3-N(G3)) | I3: =IF(OR(F3="",E3=""),"",MAX(0,Parametros!$B$1-E3)) | J3: =IF(OR(H3="",I3=""),"",IF(H3<=0,"Pagada",IF(I3=0,"No vencida",IF(I3<=30,"1-30",IF(I3<=60,"31-60",IF(I3<=90,"61-90",IF(I3<=180,"91-180",IF(I3<=360,"181-360","Más de 360")))))))) | K3: =IF(OR(J3="",J3="Pagada"),"",VLOOKUP(J3,Parametros!$A$4:$B$10,2,FALSE)) | L3: =IF(K3="","",H3*K3)
A4: Ferretería La Central | B4: 800555666 | C4: FE-1004 | D4: 46225 | E4: 46285 | F4: 980000 | H4: =IF(F4="","",F4-N(G4)) | I4: =IF(OR(F4="",E4=""),"",MAX(0,Parametros!$B$1-E4)) | J4: =IF(OR(H4="",I4=""),"",IF(H4<=0,"Pagada",IF(I4=0,"No vencida",IF(I4<=30,"1-30",IF(I4<=60,"31-60",IF(I4<=90,"61-90",IF(I4<=180,"91-180",IF(I4<=360,"181-360","Más de 360")))))))) | K4: =IF(OR(J4="",J4="Pagada"),"",VLOOKUP(J4,Parametros!$A$4:$B$10,2,FALSE)) | L4: =IF(K4="","",H4*K4)
A5: Inversiones Río Claro SAS | B5: 901777888 | C5: FE-1005 | D5: 46250 | E5: 46305 | F5: 3200000 | H5: =IF(F5="","",F5-N(G5)) | I5: =IF(OR(F5="",E5=""),"",MAX(0,Parametros!$B$1-E5)) | J5: =IF(OR(H5="",I5=""),"",IF(H5<=0,"Pagada",IF(I5=0,"No vencida",IF(I5<=30,"1-30",IF(I5<=60,"31-60",IF(I5<=90,"61-90",IF(I5<=180,"91-180",IF(I5<=360,"181-360","Más de 360")))))))) | K5: =IF(OR(J5="",J5="Pagada"),"",VLOOKUP(J5,Parametros!$A$4:$B$10,2,FALSE)) | L5: =IF(K5="","",H5*K5)
A6: Servicios Médicos Norte IPS | B6: 900999000 | C6: FE-1006 | D6: 46065 | E6: 46125 | F6: 5600000 | G6: 1000000 | H6: =IF(F6="","",F6-N(G6)) | I6: =IF(OR(F6="",E6=""),"",MAX(0,Parametros!$B$1-E6)) | J6: =IF(OR(H6="",I6=""),"",IF(H6<=0,"Pagada",IF(I6=0,"No vencida",IF(I6<=30,"1-30",IF(I6<=60,"31-60",IF(I6<=90,"61-90",IF(I6<=180,"91-180",IF(I6<=360,"181-360","Más de 360")))))))) | K6: =IF(OR(J6="",J6="Pagada"),"",VLOOKUP(J6,Parametros!$A$4:$B$10,2,FALSE)) | L6: =IF(K6="","",H6*K6)
A7: Tienda Naturista Vida | B7: 1067123456 | C7: FE-1007 | D7: 45845 | E7: 45895 | F7: 760000 | H7: =IF(F7="","",F7-N(G7)) | I7: =IF(OR(F7="",E7=""),"",MAX(0,Parametros!$B$1-E7)) | J7: =IF(OR(H7="",I7=""),"",IF(H7<=0,"Pagada",IF(I7=0,"No vencida",IF(I7<=30,"1-30",IF(I7<=60,"31-60",IF(I7<=90,"61-90",IF(I7<=180,"91-180",IF(I7<=360,"181-360","Más de 360")))))))) | K7: =IF(OR(J7="",J7="Pagada"),"",VLOOKUP(J7,Parametros!$A$4:$B$10,2,FALSE)) | L7: =IF(K7="","",H7*K7)
A8: Comercializadora Andina SAS | B8: 900111222 | C8: FE-1008 | D8: 46235 | E8: 46290 | F8: 1100000 | G8: 1100000 | H8: =IF(F8="","",F8-N(G8)) | I8: =IF(OR(F8="",E8=""),"",MAX(0,Parametros!$B$1-E8)) | J8: =IF(OR(H8="",I8=""),"",IF(H8<=0,"Pagada",IF(I8=0,"No vencida",IF(I8<=30,"1-30",IF(I8<=60,"31-60",IF(I8<=90,"61-90",IF(I8<=180,"91-180",IF(I8<=360,"181-360","Más de 360")))))))) | K8: =IF(OR(J8="",J8="Pagada"),"",VLOOKUP(J8,Parametros!$A$4:$B$10,2,FALSE)) | L8: =IF(K8="","",H8*K8)
A9: Constructora Horizonte SAS | B9: 901222333 | C9: FE-1009 | D9: 45965 | E9: 46025 | F9: 8900000 | G9: 2000000 | H9: =IF(F9="","",F9-N(G9)) | I9: =IF(OR(F9="",E9=""),"",MAX(0,Parametros!$B$1-E9)) | J9: =IF(OR(H9="",I9=""),"",IF(H9<=0,"Pagada",IF(I9=0,"No vencida",IF(I9<=30,"1-30",IF(I9<=60,"31-60",IF(I9<=90,"61-90",IF(I9<=180,"91-180",IF(I9<=360,"181-360","Más de 360")))))))) | K9: =IF(OR(J9="",J9="Pagada"),"",VLOOKUP(J9,Parametros!$A$4:$B$10,2,FALSE)) | L9: =IF(K9="","",H9*K9)
H10: =IF(F10="","",F10-N(G10)) | I10: =IF(OR(F10="",E10=""),"",MAX(0,Parametros!$B$1-E10)) | J10: =IF(OR(H10="",I10=""),"",IF(H10<=0,"Pagada",IF(I10=0,"No vencida",IF(I10<=30,"1-30",IF(I10<=60,"31-60",IF(I10<=90,"61-90",IF(I10<=180,"91-180",IF(I10<=360,"181-360","Más de 360")))))))) | K10: =IF(OR(J10="",J10="Pagada"),"",VLOOKUP(J10,Parametros!$A$4:$B$10,2,FALSE)) | L10: =IF(K10="","",H10*K10)
H11: =IF(F11="","",F11-N(G11)) | I11: =IF(OR(F11="",E11=""),"",MAX(0,Parametros!$B$1-E11)) | J11: =IF(OR(H11="",I11=""),"",IF(H11<=0,"Pagada",IF(I11=0,"No vencida",IF(I11<=30,"1-30",IF(I11<=60,"31-60",IF(I11<=90,"61-90",IF(I11<=180,"91-180",IF(I11<=360,"181-360","Más de 360")))))))) | K11: =IF(OR(J11="",J11="Pagada"),"",VLOOKUP(J11,Parametros!$A$4:$B$10,2,FALSE)) | L11: =IF(K11="","",H11*K11)
H12: =IF(F12="","",F12-N(G12)) | I12: =IF(OR(F12="",E12=""),"",MAX(0,Parametros!$B$1-E12)) | J12: =IF(OR(H12="",I12=""),"",IF(H12<=0,"Pagada",IF(I12=0,"No vencida",IF(I12<=30,"1-30",IF(I12<=60,"31-60",IF(I12<=90,"61-90",IF(I12<=180,"91-180",IF(I12<=360,"181-360","Más de 360")))))))) | K12: =IF(OR(J12="",J12="Pagada"),"",VLOOKUP(J12,Parametros!$A$4:$B$10,2,FALSE)) | L12: =IF(K12="","",H12*K12)
H13: =IF(F13="","",F13-N(G13)) | I13: =IF(OR(F13="",E13=""),"",MAX(0,Parametros!$B$1-E13)) | J13: =IF(OR(H13="",I13=""),"",IF(H13<=0,"Pagada",IF(I13=0,"No vencida",IF(I13<=30,"1-30",IF(I13<=60,"31-60",IF(I13<=90,"61-90",IF(I13<=180,"91-180",IF(I13<=360,"181-360","Más de 360")))))))) | K13: =IF(OR(J13="",J13="Pagada"),"",VLOOKUP(J13,Parametros!$A$4:$B$10,2,FALSE)) | L13: =IF(K13="","",H13*K13)
H14: =IF(F14="","",F14-N(G14)) | I14: =IF(OR(F14="",E14=""),"",MAX(0,Parametros!$B$1-E14)) | J14: =IF(OR(H14="",I14=""),"",IF(H14<=0,"Pagada",IF(I14=0,"No vencida",IF(I14<=30,"1-30",IF(I14<=60,"31-60",IF(I14<=90,"61-90",IF(I14<=180,"91-180",IF(I14<=360,"181-360","Más de 360")))))))) | K14: =IF(OR(J14="",J14="Pagada"),"",VLOOKUP(J14,Parametros!$A$4:$B$10,2,FALSE)) | L14: =IF(K14="","",H14*K14)
H15: =IF(F15="","",F15-N(G15)) | I15: =IF(OR(F15="",E15=""),"",MAX(0,Parametros!$B$1-E15)) | J15: =IF(OR(H15="",I15=""),"",IF(H15<=0,"Pagada",IF(I15=0,"No vencida",IF(I15<=30,"1-30",IF(I15<=60,"31-60",IF(I15<=90,"61-90",IF(I15<=180,"91-180",IF(I15<=360,"181-360","Más de 360")))))))) | K15: =IF(OR(J15="",J15="Pagada"),"",VLOOKUP(J15,Parametros!$A$4:$B$10,2,FALSE)) | L15: =IF(K15="","",H15*K15)
H16: =IF(F16="","",F16-N(G16)) | I16: =IF(OR(F16="",E16=""),"",MAX(0,Parametros!$B$1-E16)) | J16: =IF(OR(H16="",I16=""),"",IF(H16<=0,"Pagada",IF(I16=0,"No vencida",IF(I16<=30,"1-30",IF(I16<=60,"31-60",IF(I16<=90,"61-90",IF(I16<=180,"91-180",IF(I16<=360,"181-360","Más de 360")))))))) | K16: =IF(OR(J16="",J16="Pagada"),"",VLOOKUP(J16,Parametros!$A$4:$B$10,2,FALSE)) | L16: =IF(K16="","",H16*K16)
H17: =IF(F17="","",F17-N(G17)) | I17: =IF(OR(F17="",E17=""),"",MAX(0,Parametros!$B$1-E17)) | J17: =IF(OR(H17="",I17=""),"",IF(H17<=0,"Pagada",IF(I17=0,"No vencida",IF(I17<=30,"1-30",IF(I17<=60,"31-60",IF(I17<=90,"61-90",IF(I17<=180,"91-180",IF(I17<=360,"181-360","Más de 360")))))))) | K17: =IF(OR(J17="",J17="Pagada"),"",VLOOKUP(J17,Parametros!$A$4:$B$10,2,FALSE)) | L17: =IF(K17="","",H17*K17)
H18: =IF(F18="","",F18-N(G18)) | I18: =IF(OR(F18="",E18=""),"",MAX(0,Parametros!$B$1-E18)) | J18: =IF(OR(H18="",I18=""),"",IF(H18<=0,"Pagada",IF(I18=0,"No vencida",IF(I18<=30,"1-30",IF(I18<=60,"31-60",IF(I18<=90,"61-90",IF(I18<=180,"91-180",IF(I18<=360,"181-360","Más de 360")))))))) | K18: =IF(OR(J18="",J18="Pagada"),"",VLOOKUP(J18,Parametros!$A$4:$B$10,2,FALSE)) | L18: =IF(K18="","",H18*K18)
H19: =IF(F19="","",F19-N(G19)) | I19: =IF(OR(F19="",E19=""),"",MAX(0,Parametros!$B$1-E19)) | J19: =IF(OR(H19="",I19=""),"",IF(H19<=0,"Pagada",IF(I19=0,"No vencida",IF(I19<=30,"1-30",IF(I19<=60,"31-60",IF(I19<=90,"61-90",IF(I19<=180,"91-180",IF(I19<=360,"181-360","Más de 360")))))))) | K19: =IF(OR(J19="",J19="Pagada"),"",VLOOKUP(J19,Parametros!$A$4:$B$10,2,FALSE)) | L19: =IF(K19="","",H19*K19)
H20: =IF(F20="","",F20-N(G20)) | I20: =IF(OR(F20="",E20=""),"",MAX(0,Parametros!$B$1-E20)) | J20: =IF(OR(H20="",I20=""),"",IF(H20<=0,"Pagada",IF(I20=0,"No vencida",IF(I20<=30,"1-30",IF(I20<=60,"31-60",IF(I20<=90,"61-90",IF(I20<=180,"91-180",IF(I20<=360,"181-360","Más de 360")))))))) | K20: =IF(OR(J20="",J20="Pagada"),"",VLOOKUP(J20,Parametros!$A$4:$B$10,2,FALSE)) | L20: =IF(K20="","",H20*K20)
H21: =IF(F21="","",F21-N(G21)) | I21: =IF(OR(F21="",E21=""),"",MAX(0,Parametros!$B$1-E21)) | J21: =IF(OR(H21="",I21=""),"",IF(H21<=0,"Pagada",IF(I21=0,"No vencida",IF(I21<=30,"1-30",IF(I21<=60,"31-60",IF(I21<=90,"61-90",IF(I21<=180,"91-180",IF(I21<=360,"181-360","Más de 360")))))))) | K21: =IF(OR(J21="",J21="Pagada"),"",VLOOKUP(J21,Parametros!$A$4:$B$10,2,FALSE)) | L21: =IF(K21="","",H21*K21)
... H501: =IF(F501="","",F501-N(G501)) | I501: =IF(OR(F501="",E501=""),"",MAX(0,Parametros!$B$1-E501)) | J501: =IF(OR(H501="",I501=""),"",IF(H501<=0,"Pagada",IF(I501=0,"No vencida",IF(I501<=30,"1-30",IF(I501<=60,"31-60",IF(I501<=90,"61-90",IF(I501<=180,"91-180",IF(I501<=360,"181-360","Más de 360")))))))) | K501: =IF(OR(J501="",J501="Pagada"),"",VLOOKUP(J501,Parametros!$A$4:$B$10,2,FALSE)) | L501: =IF(K501="","",H501*K501)
